crop_name,seed_name,rainfall,soil,irrigation,sowing_time,maturity_time,seed_rate,avg_yeild,fertilizer,pesticide,location,special_feature,
Rice,Madhu, A monthly rainfall of 100-200 mm.,This rice is suitable for Red soil and Black cotton soil.," It requires 800 mm to 1,200 mm of water with extremes between 520 mm and 2,550 mm during the growing season.","The sowing time of Madhu rice are Kharif (April – September), Rabi (October – December), Summer/Zaid (January – March).",Time taken to mature is 120-125 days.,Seed requirement is 20 kg per hectare, It has the yield potential of 55-60 quintals per hectare.,Apply TNAU Rainfed rice MN mixture 12.5 kg/ha as EFYM at 1:10 ratio incubated for 30 days at friable moisture.,"Lambda-cyhalothrin, malathion and zeta-cypermethrin are all broad-spectrum pesticides used on rice.","Suitable zone in Karnataka are North Eastern Transition Zone, North Eastern Dry Zone and Northern Dry Zone.","High yielding, tolerant to cold. Grains are medium slender. It is moderately resistant to stem borer, bacterial leaf blight and blast.",
Rice,Mahaveer, A monthly rainfall of 100-200 mm,This rice is suitable for Red soil and Black cotton soil.," It requires 800 mm to 1,200 mm of water with extremes between 520 mm and 2,550 mm during the growing season.","The sowing time of Mahaveer rice are Kharif (April – September), Rabi (October – December), Summer/Zaid (January – March).",Time taken to mature is 110-115 days.,Seed requirement is 20 kg per hectare,It has an yield potential of 30 q/ha.,Apply TNAU Rainfed rice MN mixture 12.5 kg/ha as EFYM at 1:10 ratio incubated for 30 days at friable moisture.,"Lambda-cyhalothrin, malathion and zeta-cypermethrin are all broad-spectrum pesticides used on rice.",Suitable zone in Karnataka are Coastal Zone.,It is suitable for upland of gall midge endemic areas of South Kanara and North Kanara in kharif season. It has a dormancy of 15 days after harvest. It has a medium grain and the kernel is red in colour.,
Rice,Puspha, A monthly rainfall of 100-200 mm,This rice is suitable for Red soil and Black cotton soil.," It requires 800 mm to 1,200 mm of water with extremes between 520 mm and 2,550 mm during the growing season.","The sowing time of Puspha rice are Kharif (April – September), Rabi (October – December), Summer/Zaid (January – March).",Time taken to mature is 125-135 days.,Seed requirement is 20 kg per hectare,It has a yield potential of 42 q/ha.,Apply TNAU Rainfed rice MN mixture 12.5 kg/ha as EFYM at 1:10 ratio incubated for 30 days at friable moisture.,"Lambda-cyhalothrin, malathion and zeta-cypermethrin are all broad-spectrum pesticides used on rice.","Suitable zone in Karnataka are North Eastern Transition Zone, North Eastern Dry Zone and Northern Dry Zone.","Medium duration, high yielding variety with long slender grain.",
Rice,Abilash, A monthly rainfall of 100-200 mm,This rice is suitable for Red soil and Black cotton soil.," It requires 800 mm to 1,200 mm of water with extremes between 520 mm and 2,550 mm during the growing season.",The sowing time of Abilash rice are Kharif (April – September).,Time taken to mature is 155-165 days.,Seed requirement is 20 kg per hectare,It has the yield potential of 55-60 quintals per hectare.,Apply TNAU Rainfed rice MN mixture 12.5 kg/ha as EFYM at 1:10 ratio incubated for 30 days at friable moisture.,"Lambda-cyhalothrin, malathion and zeta-cypermethrin are all broad-spectrum pesticides used on rice.",Suitable zone in Karnataka are Northern Transition Zone and Hill Zone.,"High yielding, tolerant to cold. Grains are medium slender. It is moderately resistant to stem borer, bacterial leaf blight and blast. It is suitable for summer planting.",
Rice,Intan, A monthly rainfall of 100-200 mm,This rice is suitable for Red soil and Black cotton soil.," It requires 800 mm to 1,200 mm of water with extremes between 520 mm and 2,550 mm during the growing season.",The sowing time of Intan rice are Kharif (April – September).,Time taken to mature is 160-170 days.,Seed requirement is 20 kg per hectare,It has the yield potential of 55-60 quintals per hectare.,Apply TNAU Rainfed rice MN mixture 12.5 kg/ha as EFYM at 1:10 ratio incubated for 30 days at friable moisture.,"Lambda-cyhalothrin, malathion and zeta-cypermethrin are all broad-spectrum pesticides used on rice.",Suitable zone in Karnataka are Northern Transition Zone and Hill Zone.,"Resistant to blast disease, suitable for hilly areas of the State.",
Rice,Hemavathi," It requires 800 mm to 1,200 mm of water with extremes between 520 mm and 2,550 mm during the growing season.",This rice is suitable for Red soil and Black cotton soil.," It requires 800 mm to 1,200 mm of water with extremes between 520 mm and 2,550 mm during the growing season.",The sowing time of Hemavati rice are Kharif (April – September).,Time taken to mature is 160-170 days.,Seed requirement is 20 kg per hectare,"Produces grain yield of 24.2 q/ha on par or 10% more yield than Intan under low blast pressure conditions, 33% higher yield under temporary submergence conditions",Apply TNAU Rainfed rice MN mixture 12.5 kg/ha as EFYM at 1:10 ratio incubated for 30 days at friable moisture.,"Lambda-cyhalothrin, malathion and zeta-cypermethrin are all broad-spectrum pesticides used on rice.",Suitable zone in Karnataka are Hill Zone.," Recommended for cultivation in low lands of Hill Zone Taluks of Chikamagalur, Shimoga and Hassan districts. Tolerant to Leaf and neck blast.",
Ragi,GPU-28," It requires 800 mm to 1,200 mm of water with extremes between 520 mm and 2,550 mm during the growing season.",It is cultivated mostly in red lateritic soils.,It is suited for cultivation in areas with annual rainfall of 700-1200mm. it does not tolerate heavy rainfall and requires a dry spell at the time of grain ripening. ,"The sowing time is between Kar or Early Kharif (April - August),Kharif (July - November),Late kharif (August - November) ,Rabi (October -September) Summer (January - May)",Time taken to mature is 120-125 days.,Seed requirement is 10 to 15 kg per hectare,It has an yield potential of 27-29 q/ha.,50% of recommended nitrogen is to be applied at sowing and the remaining 50% in two equal splits at 25-30 and 40-45 days after sowing.,"Any  one of the insecticides- monocrotophos 1.6 ml, Chlorpyriphos 2.5 ml or Quinalphos 2.5 ml or Acephate 1 gm or Carbaryl 3 gm or Cartap hydrochloride2 gm/lit to be sprayed  two times at 10 days interval or apply cartap hydrochloride 4G 10Kg/acre","Suitable region in Karnataka are Bangalore,Kolar,Tumkur,Shimoga,Mysore,Davanagere etc.",It can be grown in rainfed and irrigated conditions,
Ragi,HR 911," It requires 800 mm to 1,200 mm of water with extremes between 520 mm and 2,550 mm during the growing season.",It is cultivated mostly in red lateritic soils.,It is suited for cultivation in areas with annual rainfall of 700-1200mm. it does not tolerate heavy rainfall and requires a dry spell at the time of grain ripening. ,"The sowing time is between Kar or Early Kharif (April - August),Kharif (July - November),Late kharif (August - November) ,Rabi (October -September) Summer (January - May)",Time taken to mature is 110-115 days.,Seed requirement is 10 to 15 kg per hectare,It has an yield potential of 40-50 q/ha.,50% of recommended nitrogen is to be applied at sowing and the remaining 50% in two equal splits at 25-30 and 40-45 days after sowing.,"Any  one of the insecticides- monocrotophos 1.6 ml, Chlorpyriphos 2.5 ml or Quinalphos 2.5 ml or Acephate 1 gm or Carbaryl 3 gm or Cartap hydrochloride2 gm/lit to be sprayed  two times at 10 days interval or apply cartap hydrochloride 4G 10Kg/acre","Suitable region in Karnataka are Bangalore,Kolar,Tumkur,Shimoga,Mysore,Davanagere etc.",It can be grown in rainfed and irrigated conditions,
Ragi,Indaf 8," It requires 800 mm to 1,200 mm of water with extremes between 520 mm and 2,550 mm during the growing season.",It is cultivated mostly in red lateritic soils.,It is suited for cultivation in areas with annual rainfall of 700-1200mm. it does not tolerate heavy rainfall and requires a dry spell at the time of grain ripening. ,"The sowing time is between Kar or Early Kharif (April - August),Kharif (July - November),Late kharif (August - November) ,Rabi (October -September) Summer (January - May)",Time taken to mature is 120-125 days.,Seed requirement is 10 to 15 kg per hectare,It has an yield potential of 30-35 q/ha.,50% of recommended nitrogen is to be applied at sowing and the remaining 50% in two equal splits at 25-30 and 40-45 days after sowing.,"Any  one of the insecticides- monocrotophos 1.6 ml, Chlorpyriphos 2.5 ml or Quinalphos 2.5 ml or Acephate 1 gm or Carbaryl 3 gm or Cartap hydrochloride2 gm/lit to be sprayed  two times at 10 days interval or apply cartap hydrochloride 4G 10Kg/acre","Suitable region in Karnataka are Bangalore,Kolar,Tumkur,Shimoga,Mysore,Davanagere etc.",Long duration type for early sowings,
Ragi,Indaf 9," It requires 800 mm to 1,200 mm of water with extremes between 520 mm and 2,550 mm during the growing season.",It is cultivated mostly in red lateritic soils.,It is suited for cultivation in areas with annual rainfall of 700-1200mm. it does not tolerate heavy rainfall and requires a dry spell at the time of grain ripening. ,"The sowing time is between Kar or Early Kharif (April - August),Kharif (July - November),Late kharif (August - November) ,Rabi (October -September) Summer (January - May)",Time taken to mature is 100-105 days.,Seed requirement is 10 to 15 kg per hectare,It has an yield potential of 35-40 q/ha.,50% of recommended nitrogen is to be applied at sowing and the remaining 50% in two equal splits at 25-30 and 40-45 days after sowing.,"Any  one of the insecticides- monocrotophos 1.6 ml, Chlorpyriphos 2.5 ml or Quinalphos 2.5 ml or Acephate 1 gm or Carbaryl 3 gm or Cartap hydrochloride2 gm/lit to be sprayed  two times at 10 days interval or apply cartap hydrochloride 4G 10Kg/acre","Suitable region in Karnataka are Bangalore,Kolar,Tumkur,Shimoga,Mysore,Davanagere etc.",For late sown conditions in Kharif,
Ragi,Champavathi," It requires 800 mm to 1,200 mm of water with extremes between 520 mm and 2,550 mm during the growing season.",It is cultivated mostly in red lateritic soils.,It is suited for cultivation in areas with annual rainfall of 700-1200mm. it does not tolerate heavy rainfall and requires a dry spell at the time of grain ripening. ,"The sowing time is between Kar or Early Kharif (April - August),Kharif (July - November),Late kharif (August - November) ,Rabi (October -September) Summer (January - May)",Time taken to mature is 90-95 days.,Seed requirement is 10 to 15 kg per hectare,It has an yield potential of 20-25 q/ha.,50% of recommended nitrogen is to be applied at sowing and the remaining 50% in two equal splits at 25-30 and 40-45 days after sowing.,"Any  one of the insecticides- monocrotophos 1.6 ml, Chlorpyriphos 2.5 ml or Quinalphos 2.5 ml or Acephate 1 gm or Carbaryl 3 gm or Cartap hydrochloride2 gm/lit to be sprayed  two times at 10 days interval or apply cartap hydrochloride 4G 10Kg/acre","Suitable region in Karnataka are Bangalore,Kolar,Tumkur,Shimoga,Mysore,Davanagere etc.",Photo insensitive& early maturity,
Jowar,HC 171,It thrives well at a temperature between 25°C and 32°C but below 16°C is not good for the crop. Jowar crop requires rainfall about 40 cm annually.,Grows well in loam soils having good drainage. Soil pH range of 6 to 7.5 is ideal for its cultivation and better growth.,It requires 450 to 650 l of water ,The sowing time is between 5th September to 15th October.,Time taken to mature is 180-240 days.,Seed requirement is 8 kg seed/ha,It has an yield potential of  25-35 quintals per hectare. ,"Recommended dose of fertilizer for sweet sorghum in soils with normal fertility levels is 80kg of nitrogen, 60 kg of phosphorous and 40 kg of potassium.",Shoot fly can be managed by the soil application of Carbofuran 3G at 8 to 10 kg/ha.,Predominantly grown in districts of Northern Karnataka.,These are drought- and heat-tolerant.,
Jowar,HC 260,It thrives well at a temperature between 25°C and 32°C but below 16°C is not good for the crop. Jowar crop requires rainfall about 40 cm annually.,Grows well in loam soils having good drainage. Soil pH range of 6 to 7.5 is ideal for its cultivation and better growth.,It requires 450 to 650 l of water ,The sowing time is between 5th September to 15th October.,Time taken to mature is 180-240 days.,Seed requirement is 8 kg seed/ha,It has an yield potential of  25-35 quintals per hectare. ,"Recommended dose of fertilizer for sweet sorghum in soils with normal fertility levels is 80kg of nitrogen, 60 kg of phosphorous and 40 kg of potassium.",Shoot fly can be managed by the soil application of Carbofuran 3G at 8 to 10 kg/ha.,Predominantly grown in districts of Northern Karnataka.,These are drought- and heat-tolerant.,
Jowar,MP Chari,It thrives well at a temperature between 25°C and 32°C but below 16°C is not good for the crop. Jowar crop requires rainfall about 40 cm annually.,Grows well in loam soils having good drainage. Soil pH range of 6 to 7.5 is ideal for its cultivation and better growth.,It requires 450 to 650 l of water ,The sowing time is between 5th September to 15th October.,Time taken to mature is 180-240 days.,Seed requirement is 8 kg seed/ha,It has an yield potential of  25-35 quintals per hectare. ,"Recommended dose of fertilizer for sweet sorghum in soils with normal fertility levels is 80kg of nitrogen, 60 kg of phosphorous and 40 kg of potassium.",Shoot fly can be managed by the soil application of Carbofuran 3G at 8 to 10 kg/ha.,Predominantly grown in districts of Northern Karnataka.,These are drought- and heat-tolerant.,
Jowar,HC 136  ,It thrives well at a temperature between 25°C and 32°C but below 16°C is not good for the crop. Jowar crop requires rainfall about 40 cm annually.,Grows well in loam soils having good drainage. Soil pH range of 6 to 7.5 is ideal for its cultivation and better growth.,It requires 450 to 650 l of water ,The sowing time is between 5th September to 15th October.,Time taken to mature is 180-240 days.,Seed requirement is 8 kg seed/ha,It has an yield potential of  25-35 quintals per hectare. ,"Recommended dose of fertilizer for sweet sorghum in soils with normal fertility levels is 80kg of nitrogen, 60 kg of phosphorous and 40 kg of potassium.",Shoot fly can be managed by the soil application of Carbofuran 3G at 8 to 10 kg/ha.,Predominantly grown in districts of Northern Karnataka.,These are drought- and heat-tolerant.,
Maize,BRMH-1,It mostly in grown regions having annual rainfall between 60 cm to 110 cm.,"Best suitable soil is deep, red rich soils , where there is abundant nitrogen.",It requires 500 to 800 liter of water,The sowing time is between May -August.,Time taken to mature is 120  days.,Seed requirement is 25 kg/ha,It has an yield potential of  22.5-6.6 quintals per hectare. ,Apply TNAU MN mixture  30 kg /ha,Fungicides are used as pesticide.,It is grown all around Kranataka.,Adaptability to harsh environmental conditions and still produce reasonable yields.,
Maize,COH(M)-8,It mostly in grown regions having annual rainfall between 60 cm to 110 cm.,"Best suitable soil is deep, red rich soils , where there is abundant nitrogen.",It requires 500 to 800 liter of water,The sowing time is between May -August.,Time taken to mature is 120  days.,Seed requirement is 25 kg/ha,It has an yield potential of  22.5-6.6 quintals per hectare. ,Apply TNAU MN mixture  30 kg /ha,Fungicides are used as pesticide.,It is grown all around Kranataka.,Adaptability to harsh environmental conditions and still produce reasonable yields.,
Maize,African Tall,It mostly in grown regions having annual rainfall between 60 cm to 110 cm.,"Best suitable soil is deep, red rich soils , where there is abundant nitrogen.",It requires 500 to 800 liter of water,The sowing time is between  May -August.,Time taken to mature is 120  days.,Seed requirement is 25 kg/ha,It has an yield potential of  22.5-6.6 quintals per hectare. ,Apply TNAU MN mixture  30 kg /ha,Fungicides are used as pesticide.,It is grown all around Kranataka.,Adaptability to harsh environmental conditions and still produce reasonable yields.,
Pulses,Black Gram,It requires a moderate amount of rainfall of 25-75 cms.,The most ideal soil would be a well drained loam with a pH range from 4.7 to 7.5. ,It requires 500 to 700 liter of water,"The sowing time is between (Kharif) May - August,(Rabi) September - February",Time taken to mature is 80 to 100 days.,Seed requirement is 20 kg/ha,The productivity remain less than 800 kg per ha.,"Apply fertilizers basally before sowing. Rainfed : 12.5 kg N + 25 kg P2O5 + 12.5 kg K2O +10 kg S*/ha, Irrigated : 25 kg N + 50 kg P2O5 + 25 kg K2O + 20 kg S*/ha",Foliar spray of NAA 40 mg/litre and Salicylic acid 100 mg/litre once at pre-flowering and another at 15 days thereafter,Suitable zone in Karnataka are West Coast Plains and Hills Region.,"It is an erect, suberect or trailing, densely hairy, annual herband one of the most highly prized pulses of India",
Pulses,Green Gram,It requires a moderate amount of rainfall of 25-75 cms.,The most ideal soil would be a well drained loam with a pH range from 4.7 to 7.5. ,It requires 500 to 700 liter of water,"The sowing time is between (Kharif) May - August,(Rabi) September - February",Time taken to mature is 80 to 100 days.,Seed requirement is 20 kg/ha,The productivity remain less than 800 kg per ha.,"Apply fertilizers basally before sowing. Rainfed : 12.5 kg N + 25 kg P2O5 + 12.5 kg K2O +10 kg S*/ha, Irrigated : 25 kg N + 50 kg P2O5 + 25 kg K2O + 20 kg S*/ha",Foliar spray of NAA 40 mg/litre and Salicylic acid 100 mg/litre once at pre-flowering and another at 15 days thereafter,Suitable zone in Karnataka are West Coast Plains and Hills Region.,Moderately resistant to powdery mildew and Yellow mosaic Indeterminate flowering,
Pulses,Groundnut,It requires a moderate amount of rainfall of 25-75 cms.,The most ideal soil would be a well drained loam with a pH range from 4.7 to 7.5. ,It requires 370 to 475 liter of water,"The sowing time is between (Kharif) May - August,(Rabi) September - February",Time taken to mature is 80 to 100 days.,Seed requirement is 20 kg/ha,The productivity remain less than 800 kg per ha.,"Apply fertilizers basally before sowing. Rainfed : 12.5 kg N + 25 kg P2O5 + 12.5 kg K2O +10 kg S*/ha, Irrigated : 25 kg N + 50 kg P2O5 + 25 kg K2O + 20 kg S*/ha",Foliar spray of NAA 40 mg/litre and Salicylic acid 100 mg/litre once at pre-flowering and another at 15 days thereafter,Suitable zone in Karnataka are West Coast Plains and Hills Region.,"Being an oil seed crop, it contains 40 to 49% oil. ",
Pulses,Split Green Gram,It requires a moderate amount of rainfall of 25-75 cms.,The most ideal soil would be a well drained loam with a pH range from 4.7 to 7.5. ,It requires 370 to 475 liter of water,"The sowing time is between (Kharif) May - August,(Rabi) September - February",Time taken to mature is 80 to 100 days.,Seed requirement is 20 kg/ha,The productivity remain less than 800 kg per ha.,"Apply fertilizers basally before sowing. Rainfed : 12.5 kg N + 25 kg P2O5 + 12.5 kg K2O +10 kg S*/ha, Irrigated : 25 kg N + 50 kg P2O5 + 25 kg K2O + 20 kg S*/ha",Foliar spray of NAA 40 mg/litre and Salicylic acid 100 mg/litre once at pre-flowering and another at 15 days thereafter,Suitable zone in Karnataka are West Coast Plains and Hills Region.,Moderately resistant to powdery mildew and Yellow mosaic Indeterminate flowering,
Pulses,Chick Peas,It requires a moderate amount of rainfall of 25-75 cms.,The most ideal soil would be a well drained loam with a pH range from 4.7 to 7.5. ,It requires 500 to 700 liter of water,"The sowing time is between (Kharif) May - August,(Rabi) September - February",Time taken to mature is 80 to 100 days.,Seed requirement is 20 kg/ha,The productivity remain less than 800 kg per ha.,"Apply fertilizers basally before sowing. Rainfed : 12.5 kg N + 25 kg P2O5 + 12.5 kg K2O +10 kg S*/ha, Irrigated : 25 kg N + 50 kg P2O5 + 25 kg K2O + 20 kg S*/ha",Foliar spray of NAA 40 mg/litre and Salicylic acid 100 mg/litre once at pre-flowering and another at 15 days thereafter,Suitable zone in Karnataka are West Coast Plains and Hills Region.,"Chickpea appears round and beige, other varieties can be black, green, and red.",
Cashew,Ullal 1,Areas where the temperatures range from 20 to 30°C with an annual precipitationof 1000 - 2000 mm,"For the best production deep, well-drained sandy or sandy-loam soil is recommended.",Yearly rainfall of 1 000 mm is sufficient for production but 1 500 to 2 000 mm can be regarded as optimal.,The sowing time is throught the year.,The duration of harvest is long (about 110 days).,Seed requirement is 160 tree per acre.,The average yield is 16 kg/tree.,10-15 kg of farmyard manure or compost annually is generally recommended forcashew.,Organochlorine pesticide are used as Pesticide.,"Suitable zone in Karnataka are Dakshina Kannada,Udupi, Belgaum, Chickballapur, Uttara Kannada, Kodagu and Kolar.",Proanthocyanidins are a class of flavonols which fight against tumor cells by stopping them to divide further. Healthy Heart: Lowers High Blood PressureProanthocyanidins are a class of flavonols which fight against tumor cells by stopping them to divide further. Healthy Heart: Lowers High Blood Pressure,
Cashew,Ullal 2,Areas where the temperatures range from 20 to 30°C with an annual precipitationof 1000 - 2000 mm,"For the best production deep, well-drained sandy or sandy-loam soil is recommended.",Yearly rainfall of 1 000 mm is sufficient for production but 1 500 to 2 000 mm can be regarded as optimal.,The sowing time is throught the year.,The variety is a late flowering type (December to March) with very short duration of harvest (85 days).,Seed requirement is 160 tree per acre.,The yield is about 9 kg/tree.,10-15 kg of farmyard manure or compost annually is generally recommended forcashew.,Organochlorine pesticide are used as Pesticide.,"Suitable zone in Karnataka are Dakshina Kannada,Udupi, Belgaum, Chickballapur, Uttara Kannada, Kodagu and Kolar.",Proanthocyanidins are a class of flavonols which fight against tumor cells by stopping them to divide further. Healthy Heart: Lowers High Blood PressureProanthocyanidins are a class of flavonols which fight against tumor cells by stopping them to divide further. Healthy Heart: Lowers High Blood Pressure,
Cashew,NRCC selection-1,Areas where the temperatures range from 20 to 30°C with an annual precipitationof 1000 - 2000 mm,"For the best production deep, well-drained sandy or sandy-loam soil is recommended.",Yearly rainfall of 1 000 mm is sufficient for production but 1 500 to 2 000 mm can be regarded as optimal.,The sowing time is throught the year.,It is a late flowering type (December – February) with a flowering duration of 82 days.,Seed requirement is 160 tree per acre.,"The yield, on an average, is 10 kg/tree.",10-15 kg of farmyard manure or compost annually is generally recommended forcashew.,Organochlorine pesticide are used as Pesticide.,"Suitable zone in Karnataka are Dakshina Kannada,Udupi, Belgaum, Chickballapur, Uttara Kannada, Kodagu and Kolar.",Proanthocyanidins are a class of flavonols which fight against tumor cells by stopping them to divide further. Healthy Heart: Lowers High Blood PressureProanthocyanidins are a class of flavonols which fight against tumor cells by stopping them to divide further. Healthy Heart: Lowers High Blood Pressure,
Cashew,Bhaskar,Areas where the temperatures range from 20 to 30°C with an annual precipitationof 1000 - 2000 mm,"For the best production deep, well-drained sandy or sandy-loam soil is recommended.",Yearly rainfall of 1 000 mm is sufficient for production but 1 500 to 2 000 mm can be regarded as optimal.,The sowing time is throught the year.,This is having midseason flowering habit (Dec-Mar) with a flowering duration of 60 days,Seed requirement is 160 tree per acre., The average yield on 13th year was 10.7 kg/tree with highest yield of 19 kg/tree.,10-15 kg of farmyard manure or compost annually is generally recommended forcashew.,Organochlorine pesticide are used as Pesticide.,"Suitable zone in Karnataka are Dakshina Kannada,Udupi, Belgaum, Chickballapur, Uttara Kannada, Kodagu and Kolar.",Proanthocyanidins are a class of flavonols which fight against tumor cells by stopping them to divide further. Healthy Heart: Lowers High Blood PressureProanthocyanidins are a class of flavonols which fight against tumor cells by stopping them to divide further. Healthy Heart: Lowers High Blood Pressure,
Cashew,Chintamani-1,Areas where the temperatures range from 20 to 30°C with an annual precipitationof 1000 - 2000 mm,"For the best production deep, well-drained sandy or sandy-loam soil is recommended.",Yearly rainfall of 1 000 mm is sufficient for production but 1 500 to 2 000 mm can be regarded as optimal.,The sowing time is throught the year.,Its flowering period is from January to April with 2-4 nuts per panicle.,Seed requirement is 160 tree per acre., The average yield of this variety is 7.2 kg/tree as against the 2 kg/tree of the local varieties. ,10-15 kg of farmyard manure or compost annually is generally recommended forcashew.,Organochlorine pesticide are used as Pesticide.,"Suitable zone in Karnataka are Dakshina Kannada,Udupi, Belgaum, Chickballapur, Uttara Kannada, Kodagu and Kolar.",Proanthocyanidins are a class of flavonols which fight against tumor cells by stopping them to divide further. Healthy Heart: Lowers High Blood PressureProanthocyanidins are a class of flavonols which fight against tumor cells by stopping them to divide further. Healthy Heart: Lowers High Blood Pressure,
Coconut,West Coast Tall,A well distributed rainfall of 1300 – 2300 mm per annum is preferred,Thrive well under different soil conditions varying from littoral sands to red loams and laterites.,An adult palm requires 600 to 800 litres of water once in four to seven days.,The sowing time is throught the year.,It begins to bear in about 8 to 10 years after planting,Coconut trees to an extent of 69 trees in one acre of land,"The average yield per hectare varies from 10,000 to 14,000 nuts per annum.",A foliar fertilizer is the best method for application. ,Hanging two plastic bottles (200 mg. capacity) with the help of a strong plastic yarn or twine yarn filled with kerosene would prevent the insecticide.,It is grown all around Kranataka.,"It can grow well up to an altitude of 3,000 ft. above the sea level. It is fairly resistant to diseases and pests. The tree attains a height of about 15m to 18m or more",
Coconut,Tiptur Tall,A well distributed rainfall of 1300 – 2300 mm per annum is preferred,Thrive well under different soil conditions varying from littoral sands to red loams and laterites.,An adult palm requires 600 to 800 litres of water once in four to seven days.,The sowing time is throught the year.,It begins to bear in about 8 to 10 years after planting,Coconut trees to an extent of 69 trees in one acre of land,"The average yield per hectare varies from 10,000 to 14,000 nuts per annum.",A foliar fertilizer is the best method for application. ,Hanging two plastic bottles (200 mg. capacity) with the help of a strong plastic yarn or twine yarn filled with kerosene would prevent the insecticide.,It is grown all around Kranataka.,"It can grow well up to an altitude of 3,000 ft. above the sea level. It is fairly resistant to diseases and pests. The tree attains a height of about 15m to 18m or more",
Coconut,Chandrakalpa,A well distributed rainfall of 1300 – 2300 mm per annum is preferred,Thrive well under different soil conditions varying from littoral sands to red loams and laterites.,An adult palm requires 600 to 800 litres of water once in four to seven days.,The sowing time is throught the year.,It begins to bear in about 8 to 10 years after planting,Coconut trees to an extent of 69 trees in one acre of land,"The average yield per hectare varies from 10,000 to 14,000 nuts per annum.",A foliar fertilizer is the best method for application. ,Hanging two plastic bottles (200 mg. capacity) with the help of a strong plastic yarn or twine yarn filled with kerosene would prevent the insecticide.,It is grown all around Kranataka.,"It can grow well up to an altitude of 3,000 ft. above the sea level. It is fairly resistant to diseases and pests. The tree attains a height of about 15m to 18m or more",
Coconut,VPM – 3,A well distributed rainfall of 1300 – 2300 mm per annum is preferred,Thrive well under different soil conditions varying from littoral sands to red loams and laterites.,An adult palm requires 600 to 800 litres of water once in four to seven days.,The sowing time is throught the year.,It begins to bear in about 8 to 10 years after planting,Coconut trees to an extent of 69 trees in one acre of land,"The average yield per hectare varies from 10,000 to 14,000 nuts per annum.",A foliar fertilizer is the best method for application. ,Hanging two plastic bottles (200 mg. capacity) with the help of a strong plastic yarn or twine yarn filled with kerosene would prevent the insecticide.,It is grown all around Kranataka.,"It can grow well up to an altitude of 3,000 ft. above the sea level. It is fairly resistant to diseases and pests. The tree attains a height of about 15m to 18m or more",
Coconut,Kera Chandra,A well distributed rainfall of 1300 – 2300 mm per annum is preferred,Thrive well under different soil conditions varying from littoral sands to red loams and laterites.,An adult palm requires 600 to 800 litres of water once in four to seven days.,The sowing time is throught the year.,It begins to bear in about 8 to 10 years after planting,Coconut trees to an extent of 69 trees in one acre of land,"The average yield per hectare varies from 10,000 to 14,000 nuts per annum.",A foliar fertilizer is the best method for application. ,Hanging two plastic bottles (200 mg. capacity) with the help of a strong plastic yarn or twine yarn filled with kerosene would prevent the insecticide.,It is grown all around Kranataka.,"It can grow well up to an altitude of 3,000 ft. above the sea level. It is fairly resistant to diseases and pests. The tree attains a height of about 15m to 18m or more",
Arecanuts, South Kanaka,"Grown in areas receiving annual rainfall of 750 mm in Maidan parts of Karnataka to 4,500 mm ",The depth of soil should be at least 1 m with 4.5-7.6 pH., The average CWR is observed to vary from 19 to 23 litres/day for juvenile to adult arecanut crop.,"They are irrigated once in 7 days during November-December, every six days during February and every four days during March-May. ",It starts bearing after 6-7 years of planting.,Average of 550 to 600 arecanut trees in one acre of land.,"The average yield is 1,5 chali/palm/year (7 kg. ripe nuts)."," A fertilizer dose of 100g N, 40g P2O2 and 140g K2O (200g of urea; 200g of rock phosphate and 230 g of muriate of Potash) per palm per year is recommended.","Pesticide required for arecanut Annual application of 100 g N (220 g urea), 40 g P2O5 (200 g rock phosphate) and 140 g K2O (235 g muriate of potash) in addition to 12 kg each of green leaf and compost per palm per year is recommended. ", It is largely grown in South Kanara district of Karnataka," This Areca nuts are chewed with betel leaf for their effects as a mild stimulant, causing a warming sensation in the body ",
Arecanuts,Sree Varjdhan or Rotha,"Grown in areas receiving annual rainfall of 750 mm in Maidan parts of Karnataka to 4,500 mm ",The depth of soil should be at least 1 m with 4.5-7.6 pH., The average CWR is observed to vary from 19 to 23 litres/day for juvenile to adult arecanut crop.,"They are irrigated once in 7 days during November-December, every six days during February and every four days during March-May. ",It starts bearing after 6-7 years of planting.,Average of 550 to 600 arecanut trees in one acre of land.,"The average yield is 1,5 chali/palm/year (7 kg. ripe nuts)."," A fertilizer dose of 100g N, 40g P2O2 and 140g K2O (200g of urea; 200g of rock phosphate and 230 g of muriate of Potash) per palm per year is recommended.","Pesticide required for arecanut Annual application of 100 g N (220 g urea), 40 g P2O5 (200 g rock phosphate) and 140 g K2O (235 g muriate of potash) in addition to 12 kg each of green leaf and compost per palm per year is recommended. ",It is grown extensively in Maland area of Karnataka.," This Areca nuts are chewed with betel leaf for their effects as a mild stimulant, causing a warming sensation in the body ",
Arecanuts,Mohitnagar,"Grown in areas receiving annual rainfall of 750 mm in Maidan parts of Karnataka to 4,500 mm ",The depth of soil should be at least 1 m with 4.5-7.6 pH., The average CWR is observed to vary from 19 to 23 litres/day for juvenile to adult arecanut crop.,"They are irrigated once in 7 days during November-December, every six days during February and every four days during March-May. ",It starts bearing after 6-7 years of planting.,Average of 550 to 600 arecanut trees in one acre of land.,It yielded 3.7 kg. chali (19.5 Kg. ripe nuts) per palm per year.," A fertilizer dose of 100g N, 40g P2O2 and 140g K2O (200g of urea; 200g of rock phosphate and 230 g of muriate of Potash) per palm per year is recommended.","Pesticide required for arecanut Annual application of 100 g N (220 g urea), 40 g P2O5 (200 g rock phosphate) and 140 g K2O (235 g muriate of potash) in addition to 12 kg each of green leaf and compost per palm per year is recommended. ", It is largely grown in South Kanara district of Karnataka," This Areca nuts are chewed with betel leaf for their effects as a mild stimulant, causing a warming sensation in the body ",
Arecanuts,Mangala (VTL - 3),"Grown in areas receiving annual rainfall of 750 mm in Maidan parts of Karnataka to 4,500 mm ",The depth of soil should be at least 1 m with 4.5-7.6 pH., The average CWR is observed to vary from 19 to 23 litres/day for juvenile to adult arecanut crop.,"They are irrigated once in 7 days during November-December, every six days during February and every four days during March-May. ",Bearing starts after 3-5 years of planting.,Average of 550 to 600 arecanut trees in one acre of land.,Its mean yield is 2 kg. chali (10 Kg ripe nuts) per palm per year.," A fertilizer dose of 100g N, 40g P2O2 and 140g K2O (200g of urea; 200g of rock phosphate and 230 g of muriate of Potash) per palm per year is recommended.","Pesticide required for arecanut Annual application of 100 g N (220 g urea), 40 g P2O5 (200 g rock phosphate) and 140 g K2O (235 g muriate of potash) in addition to 12 kg each of green leaf and compost per palm per year is recommended. ", It is largely grown in South Kanara district of Karnataka," This Areca nuts are chewed with betel leaf for their effects as a mild stimulant, causing a warming sensation in the body ",
Arecanuts,Sumanagala ( VTL-11),"Grown in areas receiving annual rainfall of 750 mm in Maidan parts of Karnataka to 4,500 mm ",The depth of soil should be at least 1 m with 4.5-7.6 pH., The average CWR is observed to vary from 19 to 23 litres/day for juvenile to adult arecanut crop.,"They are irrigated once in 7 days during November-December, every six days during February and every four days during March-May. ",Bearing starts after 3-5 years of planting.,Average of 550 to 600 arecanut trees in one acre of land.,"Its mean yield is 33 Kg., Challi (17:5 Kg rupee nuts) /palm /year. "," A fertilizer dose of 100g N, 40g P2O2 and 140g K2O (200g of urea; 200g of rock phosphate and 230 g of muriate of Potash) per palm per year is recommended.","Pesticide required for arecanut Annual application of 100 g N (220 g urea), 40 g P2O5 (200 g rock phosphate) and 140 g K2O (235 g muriate of potash) in addition to 12 kg each of green leaf and compost per palm per year is recommended. ", It is largely grown in South Kanara district of Karnataka," This Areca nuts are chewed with betel leaf for their effects as a mild stimulant, causing a warming sensation in the body ",
Chillies,BYADAGI (KADDI),It is grown in areas receiving an annual precipitation of 25-30 inches.,"It is grown in all type of soft but the sandy - loam, clay loam and loam soils are best suited for it",Water requirement of 400 mm to 600 mm.,"The sowing time is between Kharif (Rainfed) - June – July, Rabi (Irrigated) - Aug – Sept, Summer (Irrigated) - Feb. – March",Time taken to mature is 60 to 120 days,Seed requirement is 1.5 kg seed/ha.,Average yields is around 5.13 t/ha.,Nitrogen requirement for chillies is 120 kg/ha.,Metam potassium are used as pesticide.,It is grown all around Kranataka.,Commercial importance for powdering and culinary, 
Chillies,Sanke- shwar,It is grown in areas receiving an annual precipitation of 25-30 inches.,"It is grown in all type of soft but the sandy - loam, clay loam and loam soils are best suited for it",Water requirement of 400 mm to 600 mm.,"The sowing time is between Kharif (Rainfed) - June – July, Rabi (Irrigated) - Aug – Sept, Summer (Irrigated) - Feb. – March",Time taken to mature is 60 to 120 days,Seed requirement is 1.5 kg seed/ha.,Average yields is around 5.13 t/ha.,Nitrogen requirement for chillies is 120 kg/ha.,Metam potassium are used as pesticide.,It is grown all around Kranataka.,Commercial importance for powdering and culinary,
Chillies,(Dabbi),It is grown in areas receiving an annual precipitation of 25-30 inches.,"It is grown in all type of soft but the sandy - loam, clay loam and loam soils are best suited for it",Water requirement of 400 mm to 600 mm.,"The sowing time is between Kharif (Rainfed) - June – July, Rabi (Irrigated) - Aug – Sept, Summer (Irrigated) - Feb. – March",Time taken to mature is 60 to 120 days,Seed requirement is 1.5 kg seed/ha.,Average yields is around 5.13 t/ha.,Nitrogen requirement for chillies is 120 kg/ha.,Metam potassium are used as pesticide.,It is grown all around Kranataka.,Commercial importance for powdering and culinary,
Chillies,Arsikere Gowrib-idanur,It is grown in areas receiving an annual precipitation of 25-30 inches.,"It is grown in all type of soft but the sandy - loam, clay loam and loam soils are best suited for it",Water requirement of 400 mm to 600 mm.,"The sowing time is between Kharif (Rainfed) - June – July, Rabi (Irrigated) - Aug – Sept, Summer (Irrigated) - Feb. – March",Time taken to mature is 60 to 120 days,Seed requirement is 1.5 kg seed/ha.,Average yields is around 5.13 t/ha.,Nitrogen requirement for chillies is 120 kg/ha.,Metam potassium are used as pesticide.,It is grown all around Kranataka.,Commercial importance for powdering and culinary,
Chillies,Kollega lJavari,It is grown in areas receiving an annual precipitation of 25-30 inches.,"It is grown in all type of soft but the sandy - loam, clay loam and loam soils are best suited for it",Water requirement of 400 mm to 600 mm.,"The sowing time is between Kharif (Rainfed) - June – July, Rabi (Irrigated) - Aug – Sept, Summer (Irrigated) - Feb. – March",Time taken to mature is 60 to 120 days,Seed requirement is 1.5 kg seed/ha.,Average yields is around 5.13 t/ha.,Nitrogen requirement for chillies is 120 kg/ha.,Metam potassium are used as pesticide.,It is grown all around Kranataka.,Commercial importance for powdering and culinary,
Cotton,Abhadita,Annual rainfall of 55-100 cm is ideal for cotton Cultivation,This cotton is suitable for Red soil and Black cotton soil.,Individual cotton plant requires about 10 gallons of water to achieve maximum yield potential. ,The sowing time is between  July -September or February - March,Time taken to mature is  approximately 150 to 180 days,On average 90.000-100.000 plants per hectare.,The cotton productivity was 250 Kgs per hectare.,"In Karnataka entire NPK at planting ( rain fed cotton ), Half N and entire P & K planting, remaining N at flowering (irrigated cotton ) N in 4 splits in irrigated hybrid cotton.","Cotton growers typically use many of the most hazardous pesticides on the market including aldicarb, phorate, methamidophos and endosulfan.","High yielding varieties are cultivated in the districts like Raichur, Bagalkot, Bijapur, Bellaiy, Dharwad and Belgaum under irrigated conditions."," For the cotton plant to be able to grow, it needs a warm climate with very wet periods followed by very dry ones, as the latter are necessary for it to ripen.",
Cotton,Laxmi,Annual rainfall of 55-100 cm is ideal for cotton Cultivation,This cotton is suitable for Red soil and Black cotton soil.,Individual cotton plant requires about 10 gallons of water to achieve maximum yield potential. ,The sowing time is between  July -September or February - March,Time taken to mature is approximately 150 to 180 days,On average 90.000-100.000 plants per hectare.,The cotton productivity was 250 Kgs per hectare.,"In Karnataka entire NPK at planting ( rain fed cotton ), Half N and entire P & K planting, remaining N at flowering (irrigated cotton ) N in 4 splits in irrigated hybrid cotton.","Cotton growers typically use many of the most hazardous pesticides on the market including aldicarb, phorate, methamidophos and endosulfan.","High yielding varieties are cultivated in the districts like Raichur, Bagalkot, Bijapur, Bellaiy, Dharwad and Belgaum under irrigated conditions."," For the cotton plant to be able to grow, it needs a warm climate with very wet periods followed by very dry ones, as the latter are necessary for it to ripen.",
Cotton,LRA-5166,Annual rainfall of 55-100 cm is ideal for cotton Cultivation,This cotton is suitable for Red soil and Black cotton soil.,Individual cotton plant requires about 10 gallons of water to achieve maximum yield potential. ,The sowing time is between  July -September or February - March,Time taken to mature is  approximately 150 to 180 days,On average 90.000-100.000 plants per hectare.,The cotton productivity was 250 Kgs per hectare.,"In Karnataka entire NPK at planting ( rain fed cotton ), Half N and entire P & K planting, remaining N at flowering (irrigated cotton ) N in 4 splits in irrigated hybrid cotton.","Cotton growers typically use many of the most hazardous pesticides on the market including aldicarb, phorate, methamidophos and endosulfan.","High yielding varieties are cultivated in the districts like Raichur, Bagalkot, Bijapur, Bellaiy, Dharwad and Belgaum under irrigated conditions."," For the cotton plant to be able to grow, it needs a warm climate with very wet periods followed by very dry ones, as the latter are necessary for it to ripen.",
Cotton,NHH-44,Annual rainfall of 55-100 cm is ideal for cotton Cultivation,This cotton is suitable for Red soil and Black cotton soil.,Individual cotton plant requires about 10 gallons of water to achieve maximum yield potential. ,The sowing time is between  July -September or February - March,Time taken to mature is approximately 150 to 180 days,On average 90.000-100.000 plants per hectare.,The cotton productivity was 250 Kgs per hectare.,"In Karnataka entire NPK at planting ( rain fed cotton ), Half N and entire P & K planting, remaining N at flowering (irrigated cotton ) N in 4 splits in irrigated hybrid cotton.","Cotton growers typically use many of the most hazardous pesticides on the market including aldicarb, phorate, methamidophos and endosulfan.","High yielding varieties are cultivated in the districts like Raichur, Bagalkot, Bijapur, Bellaiy, Dharwad and Belgaum under irrigated conditions."," For the cotton plant to be able to grow, it needs a warm climate with very wet periods followed by very dry ones, as the latter are necessary for it to ripen.",
Cotton,DCH-32,Annual rainfall of 55-100 cm is ideal for cotton Cultivation,This cotton is suitable for Red soil and Black cotton soil.,Individual cotton plant requires about 10 gallons of water to achieve maximum yield potential. ,The sowing time is between  July -September or February - March,Time taken to mature is approximately 150 to 180 days,On average 90.000-100.000 plants per hectare.,The cotton productivity was 250 Kgs per hectare.,"In Karnataka entire NPK at planting ( rain fed cotton ), Half N and entire P & K planting, remaining N at flowering (irrigated cotton ) N in 4 splits in irrigated hybrid cotton.","Cotton growers typically use many of the most hazardous pesticides on the market including aldicarb, phorate, methamidophos and endosulfan.","High yielding varieties are cultivated in the districts like Raichur, Bagalkot, Bijapur, Bellaiy, Dharwad and Belgaum under irrigated conditions."," For the cotton plant to be able to grow, it needs a warm climate with very wet periods followed by very dry ones, as the latter are necessary for it to ripen.",
Sugarcane,Co 8371,Rainfall: 100 cm to 175 cm rainfall is ideal for sugarcane production," It grows well in deep, well-drained soils of medium fertility of sandy loam soil textures with a pH range from 6.0 to 7.7.",A crop requires 1500- 2500 mm of available water per year, In general January to march is the period of planting , It takes about 12 to 18 months to mature.,"On an average 36,000 three budded setts or 60 quintal of seed are sufficient for planting one hectare land area.",The average yield of cane stalk is 60–70 tonnes per hectare,Apply P fertilizer based on soil test values. Otherwise apply super phosphate (375 kg/ha) along the furrows and incorporate with hand hoe., The insecticides acetamiprid and cypermethrin were used to manage aphids while four different insecticides controlled thrips. .,"Most of the sugarcane is grown with the help of irrigation. Belgaum, Mandya, Mysore, Bijapur,Shimoga and Chitradurga are important producing districts.",The plant is two to six metres (six to twenty feet) tall. All sugar cane species can interbreed and the major commercial cultivars are complex hybrids. ,
Sugarcane,C0 7804,Rainfall: 100 cm to 175 cm rainfall is ideal for sugarcane production," It grows well in deep, well-drained soils of medium fertility of sandy loam soil textures with a pH range from 6.0 to 7.7.",A crop requires 1500- 2500 mm of available water per year, In general January to march is the period of planting , It takes about 12 to 18 months to mature.,"On an average 36,000 three budded setts or 60 quintal of seed are sufficient for planting one hectare land area.",The average yield of cane stalk is 60–70 tonnes per hectare,Apply P fertilizer based on soil test values. Otherwise apply super phosphate (375 kg/ha) along the furrows and incorporate with hand hoe., The insecticides acetamiprid and cypermethrin were used to manage aphids while four different insecticides controlled thrips. .,"Most of the sugarcane is grown with the help of irrigation. Belgaum, Mandya, Mysore, Bijapur,Shimoga and Chitradurga are important producing districts.",The plant is two to six metres (six to twenty feet) tall. All sugar cane species can interbreed and the major commercial cultivars are complex hybrids. ,
Sugarcane,CoC 671,Rainfall: 100 cm to 175 cm rainfall is ideal for sugarcane production," It grows well in deep, well-drained soils of medium fertility of sandy loam soil textures with a pH range from 6.0 to 7.7.",A crop requires 1500- 2500 mm of available water per year, In general January to march is the period of planting , It takes about 12 to 18 months to mature.,"On an average 36,000 three budded setts or 60 quintal of seed are sufficient for planting one hectare land area.",The average yield of cane stalk is 60–70 tonnes per hectare,Apply P fertilizer based on soil test values. Otherwise apply super phosphate (375 kg/ha) along the furrows and incorporate with hand hoe., The insecticides acetamiprid and cypermethrin were used to manage aphids while four different insecticides controlled thrips. .,"Most of the sugarcane is grown with the help of irrigation. Belgaum, Mandya, Mysore, Bijapur,Shimoga and Chitradurga are important producing districts.",The plant is two to six metres (six to twenty feet) tall. All sugar cane species can interbreed and the major commercial cultivars are complex hybrids. ,
Sugarcane,Co94012 ,Rainfall: 100 cm to 175 cm rainfall is ideal for sugarcane production," It grows well in deep, well-drained soils of medium fertility of sandy loam soil textures with a pH range from 6.0 to 7.7.",A crop requires 1500- 2500 mm of available water per year, In general January to march is the period of planting , It takes about 12 to 18 months to mature.,"On an average 36,000 three budded setts or 60 quintal of seed are sufficient for planting one hectare land area.",The average yield of cane stalk is 60–70 tonnes per hectare,Apply P fertilizer based on soil test values. Otherwise apply super phosphate (375 kg/ha) along the furrows and incorporate with hand hoe., The insecticides acetamiprid and cypermethrin were used to manage aphids while four different insecticides controlled thrips. .,"Most of the sugarcane is grown with the help of irrigation. Belgaum, Mandya, Mysore, Bijapur,Shimoga and Chitradurga are important producing districts.",The plant is two to six metres (six to twenty feet) tall. All sugar cane species can interbreed and the major commercial cultivars are complex hybrids. ,
Sugarcane,SNK44,Rainfall: 100 cm to 175 cm rainfall is ideal for sugarcane production," It grows well in deep, well-drained soils of medium fertility of sandy loam soil textures with a pH range from 6.0 to 7.7.",A crop requires 1500- 2500 mm of available water per year, In general January to march is the period of planting , It takes about 12 to 18 months to mature.,"On an average 36,000 three budded setts or 60 quintal of seed are sufficient for planting one hectare land area.",The average yield of cane stalk is 60–70 tonnes per hectare,Apply P fertilizer based on soil test values. Otherwise apply super phosphate (375 kg/ha) along the furrows and incorporate with hand hoe., The insecticides acetamiprid and cypermethrin were used to manage aphids while four different insecticides controlled thrips. .,"Most of the sugarcane is grown with the help of irrigation. Belgaum, Mandya, Mysore, Bijapur,Shimoga and Chitradurga are important producing districts.",The plant is two to six metres (six to twenty feet) tall. All sugar cane species can interbreed and the major commercial cultivars are complex hybrids. ,
Tobacco,FCV Tobacco,For tobacco 50-100cm annual rainfall and 15-20o C temperature during growth period is ideal., Tobacco crop requires light to medium loam soil,The tobacco water requirement throughout the growth period ranged from 159.00 to 278.90 mm,The ideal months to plant tobacco are November and December,Usually matures and is ready for harvest 3 to 5 weeks after topping.,A seed rate of 3-5 kg per hectare.,"It yields on unirrigated land is usually 2,600-3,000 pound per acre",It is reported that 40-90% of the phosphorusrequirement of the plant is met with by applying fertilizer four weeks after the transplanting.,Pyrethroid of the cyano pyrethroid are used as pesticide.,Suitable zone in Karnataka are Mysuru and Hassan., There is a promising way to convert tobacco leaves into pesticides with pyrolysis.,
Tobacco,Bidi Tobacco,For tobacco 50-100cm annual rainfall and 15-20o C temperature during growth period is ideal., Tobacco crop requires light to medium loam soil,The tobacco water requirement throughout the growth period ranged from 159.00 to 278.90 mm,The ideal months to plant tobacco are November and December,Usually matures and is ready for harvest 3 to 5 weeks after topping.,A seed rate of 3-5 kg per hectare.,"It yields on unirrigated land is usually 2,600-3,000 pound per acre",It is reported that 40-90% of the phosphorusrequirement of the plant is met with by applying fertilizer four weeks after the transplanting.,Pyrethroid of the cyano pyrethroid are used as pesticide.,Suitable zone in Karnataka are Mysuru and Hassan., There is a promising way to convert tobacco leaves into pesticides with pyrolysis.,
Soyabean,Bragg,Requiring a minimum of 400mm,This soyabean is suitable for Red soil .,"Soybeans require from 15 to 25 inches of water per acre per year from planting through maturity depending on planting date, maturity group, location, and weather.",Kharif season time of sowing is onset of monsoon or last week of June to first week of Jully while in spring sowing is done between 15th of February and 15th of March. ,Soybeans for shelling and fresh use are ready for harvest 45 to 65 days after sowing.,70-80 kg seed per hectare is required.,It yeild 40.4 bushels per acre,"The critical level for phosphorus is 15 ppm and the maintenance range for soybeans is 15 ppm, so P soil test levels should be maintained between 15 and 30 ppm. ",Asana XL are used as pesticide.,Suitable zone in Karnataka are West Coast Plains and Hills Region.,"White flowers, grey pubescence, yellow seed coat, black hilum, brown pods, determinate.",
Soyabean,Hardee,Requiring a minimum of 400mm,This soyabean is suitable for Red soil .,"Soybeans require from 15 to 25 inches of water per acre per year from planting through maturity depending on planting date, maturity group, location, and weather.",Kharif season time of sowing is onset of monsoon or last week of June to first week of Jully while in spring sowing is done between 15th of February and 15th of March. ,Soybeans for shelling and fresh use are ready for harvest 45 to 65 days after sowing.,70-80 kg seed per hectare is required.,It yeild 40.4 bushels per acre,"The critical level for phosphorus is 15 ppm and the maintenance range for soybeans is 15 ppm, so P soil test levels should be maintained between 15 and 30 ppm. ",Asana XL are used as pesticide.,Suitable zone in Karnataka are West Coast Plains and Hills Region.,"White flowers, grey pubescence, yellow seed coat, rosy hilum, determinate and suitable for inter cropping",
Soyabean,Pelican,Requiring a minimum of 400mm,This soyabean is suitable for Red soil .,"Soybeans require from 15 to 25 inches of water per acre per year from planting through maturity depending on planting date, maturity group, location, and weather.",Kharif season time of sowing is onset of monsoon or last week of June to first week of Jully while in spring sowing is done between 15th of February and 15th of March. ,Soybeans for shelling and fresh use are ready for harvest 45 to 65 days after sowing.,70-80 kg seed per hectare is required.,It yeild 40.4 bushels per acre,"The critical level for phosphorus is 15 ppm and the maintenance range for soybeans is 15 ppm, so P soil test levels should be maintained between 15 and 30 ppm. ",Asana XL are used as pesticide.,Suitable zone in Karnataka are West Coast Plains and Hills Region.,"Purple flowers, grey pubescence, determinate yellow seed, brown hilum.",
Soyabean,KHSb-2,Requiring a minimum of 400mm,This soyabean is suitable for Red soil .,"Soybeans require from 15 to 25 inches of water per acre per year from planting through maturity depending on planting date, maturity group, location, and weather.",Kharif season time of sowing is onset of monsoon or last week of June to first week of Jully while in spring sowing is done between 15th of February and 15th of March. ,Soybeans for shelling and fresh use are ready for harvest 45 to 65 days after sowing.,70-80 kg seed per hectare is required.,It yeild 40.4 bushels per acre,"The critical level for phosphorus is 15 ppm and the maintenance range for soybeans is 15 ppm, so P soil test levels should be maintained between 15 and 30 ppm. ",Asana XL are used as pesticide.,Suitable zone in Karnataka are West Coast Plains and Hills Region.,"Purple flowers, tawny pubescence, yellow seed coat, black hilum, semi determinate",
Soyabean,Pooja,Requiring a minimum of 400mm,This soyabean is suitable for Red soil .,"Soybeans require from 15 to 25 inches of water per acre per year from planting through maturity depending on planting date, maturity group, location, and weather.",Kharif season time of sowing is onset of monsoon or last week of June to first week of Jully while in spring sowing is done between 15th of February and 15th of March. ,Soybeans for shelling and fresh use are ready for harvest 45 to 65 days after sowing.,70-80 kg seed per hectare is required.,It yeild 40.4 bushels per acre,"The critical level for phosphorus is 15 ppm and the maintenance range for soybeans is 15 ppm, so P soil test levels should be maintained between 15 and 30 ppm. ",Asana XL are used as pesticide.,Suitable zone in Karnataka are West Coast Plains and Hills Region.,"Purple flowers, grey pubescence, determinate yellow seed, brown hilum.",
Cardamom,CCS-1(Malabar),Annual rainfall (1500 - 4000 mm) is required.,This cardamom is suitable for Red soil .,A crop requires 1500- 4000 mm of available water per year,"Throughout the cropping season of cardamom, i.e. from August to March approximately 6 picking is done in each 45 days interval.",Cardamom plants normally start bearing two years after planting,Seed requirement is 30kg/h.,It registers the higher yield of 250 kgper hectare.,A fertilizer NPK dose is 240 kg /ha,Nitrobenzene is another toxic chemical that is liberally used in the flowering season.,Suitable zone in Karnataka are West Coast Plains and Hills Region.,"The seeds have a warm, slightly pungent, and highly aromatic flavour somewhat reminiscent of camphor.",
Cardamom,Mudigere-1,Annual rainfall (1500 - 4000 mm) is required.,This cardamom is suitable for Red soil .,A crop requires 1500- 4000 mm of available water per year,"Throughout the cropping season of cardamom, i.e. from August to March approximately 6 picking is done in each 45 days interval.",Cardamom plants normally start bearing two years after planting,Seed requirement is 30kg/h.,It registers the higher yield of 250 kgper hectare.,A fertilizer NPK dose is 240 kg /ha,Nitrobenzene is another toxic chemical that is liberally used in the flowering season.,Suitable zone in Karnataka are West Coast Plains and Hills Region.,"The seeds have a warm, slightly pungent, and highly aromatic flavour somewhat reminiscent of camphor.",
Cardamom,ICRI-3,Annual rainfall (1500 - 4000 mm) is required.,This cardamom is suitable for Red soil .,A crop requires 1500- 4000 mm of available water per year,"Throughout the cropping season of cardamom, i.e. from August to March approximately 6 picking is done in each 45 days interval.",Cardamom plants normally start bearing two years after planting,Seed requirement is 30kg/h.,It registers the higher yield of 250 kgper hectare.,A fertilizer NPK dose is 240 kg /ha,Nitrobenzene is another toxic chemical that is liberally used in the flowering season.,Suitable zone in Karnataka are West Coast Plains and Hills Region.,"The seeds have a warm, slightly pungent, and highly aromatic flavour somewhat reminiscent of camphor.",
Wheat,DDK 1025 (Dicoccum),The amount of rainfall required for wheat cultivation varies between 30 cm and 100 cm.,This wheat is suitable for Red soil .,A crop requires 450-650 mm of available water per year,Sowing of wheat takes place in October to December,Maturity time is around four months.,"With an average seed size of 15,000 seeds per pound or 900,000 seeds per bushel",Yield potential of approximately 1.5 bushels per acre.,"When applying a starter fertilizer for wheat, application methods and rates are much more flexible with phosphorus than nitrogen.","Chlorothalonil, General use insecticide",Suitable zone in Karnataka are West Coast Plains and Hills Region.,Wheat is actually a grass and belongs to the genus Triticum species aestivum. Wheat is grown globally and is the second most important cereal crop in the world behind maize and ahead of rice.,
Wheat,GW 322,The amount of rainfall required for wheat cultivation varies between 30 cm and 100 cm.,This wheat is suitable for Red soil .,A crop requires 450-650 mm of available water per year,Sowing of wheat takes place in October to December,Maturity time is around four months.,"With an average seed size of 15,000 seeds per pound or 900,000 seeds per bushel",Yield potential of approximately 1.5 bushels per acre.,"When applying a starter fertilizer for wheat, application methods and rates are much more flexible with phosphorus than nitrogen.","Chlorothalonil, General use insecticide",Suitable zone in Karnataka are West Coast Plains and Hills Region.,Wheat is actually a grass and belongs to the genus Triticum species aestivum. Wheat is grown globally and is the second most important cereal crop in the world behind maize and ahead of rice.,
Wheat,HD 2781 (Aditya),The amount of rainfall required for wheat cultivation varies between 30 cm and 100 cm.,This wheat is suitable for Red soil .,A crop requires 450-650 mm of available water per year,Sowing of wheat takes place in October to December,Maturity time is around four months.,"With an average seed size of 15,000 seeds per pound or 900,000 seeds per bushel",Yield potential of approximately 1.5 bushels per acre.,"When applying a starter fertilizer for wheat, application methods and rates are much more flexible with phosphorus than nitrogen.","Chlorothalonil, General use insecticide",Suitable zone in Karnataka are West Coast Plains and Hills Region.,Wheat is actually a grass and belongs to the genus Triticum species aestivum. Wheat is grown globally and is the second most important cereal crop in the world behind maize and ahead of rice.,
Wheat,HD 2833 (Tripti),The amount of rainfall required for wheat cultivation varies between 30 cm and 100 cm.,This wheat is suitable for Red soil .,A crop requires 450-650 mm of available water per year,Sowing of wheat takes place in October to December,Maturity time is around four months.,"With an average seed size of 15,000 seeds per pound or 900,000 seeds per bushel",Yield potential of approximately 1.5 bushels per acre.,"When applying a starter fertilizer for wheat, application methods and rates are much more flexible with phosphorus than nitrogen.","Chlorothalonil, General use insecticide",Suitable zone in Karnataka are West Coast Plains and Hills Region.,Wheat is actually a grass and belongs to the genus Triticum species aestivum. Wheat is grown globally and is the second most important cereal crop in the world behind maize and ahead of rice.,
Wheat,HUW 510,The amount of rainfall required for wheat cultivation varies between 30 cm and 100 cm.,This wheat is suitable for Red soil .,A crop requires 450-650 mm of available water per year,Sowing of wheat takes place in October to December,Maturity time is around four months.,"With an average seed size of 15,000 seeds per pound or 900,000 seeds per bushel",Yield potential of approximately 1.5 bushels per acre.,"When applying a starter fertilizer for wheat, application methods and rates are much more flexible with phosphorus than nitrogen.","Chlorothalonil, General use insecticide",Suitable zone in Karnataka are West Coast Plains and Hills Region.,Wheat is actually a grass and belongs to the genus Triticum species aestivum. Wheat is grown globally and is the second most important cereal crop in the world behind maize and ahead of rice.,
,,,,,,,,,,,,,
,,,,,,,,,,,,,
,,,,,,,,,,,,,
,,,,,,,,,,,,,
,,,,,,,,,,,,,
,,,,,,,,,,,,,
,,,,,,,,,,, ,,
